session_key,session_data,expire_date
wbi71gvzvm1nuzbykt12kgh8qye90tpk,.eJxVjEEOwiAQRe_C2pABSsu4dO8ZyMCAVA0kpV0Z765NutDtf-_9l_C0rcVvPS1-ZnEWSpx-t0DxkeoO-E711mRsdV3mIHdFHrTLa-P0vBzu30GhXr51sg5Za4cjGQugs056ImOMstkA5jA4jS4zMkIcQNkpBgVRWXZMY0bx_gC5RDca:1mkMQ2:UFg_FINScphbp_eLjeUdkQHx6TPTbRT6u2cV1m6py24,2021-11-23 08:23:50.737654
kqlyh2ls56vcfy47c0yx8ti3mw8d52nr,.eJxVjDEOwjAMRe-SGUVxCFHKyM4ZIru2SQElUtNOiLtDpQ6w_vfef5mM61Ly2mXOE5uzAXP43QjHh9QN8B3rrdmx1WWeyG6K3Wm318byvOzu30HBXr51CDFiEuHE_hQJUEU8ujR49aogCY8CGBRIohNP5MhxDC75QYMTMO8PAdc4fg:1mntzJ:VNdM6CvDSbU24ftHmmBffW1Qh3OvRQrG3iVG9Izunro,2021-12-03 02:50:53.751869
6no080t6jro7fdq5bzvveqm5h47okb9z,e30:1mobRQ:7AHdWvFyAByfRQ-OJkgr16hafliFe8DfyBAd8E5nASw,2021-12-05 11:44:48.689782
p4jhoa9wdfzc8v00gl9aiuxfvxwgzo3u,.eJxVjDEOwjAMRe-SGUVxCFHKyM4ZIru2SQElUtNOiLtDpQ6w_vfef5mM61Ly2mXOE5uzAXP43QjHh9QN8B3rrdmx1WWeyG6K3Wm318byvOzu30HBXr51CDFiEuHE_hQJUEU8ujR49aogCY8CGBRIohNP5MhxDC75QYMTMO8PAdc4fg:1modu1:YyXqvHdVOQYV_xlsUzWHl6_S6rpqII0BF-u4rWGgEZE,2021-12-05 14:22:29.187545
ztbrg7d0os1wfnzi4vegxrs1h1axlunb,.eJxVjMsOwiAQRf-FtSEwnfJw6d5vIMBMpWogKe3K-O_apAvd3nPOfYkQt7WErfMSZhJn4cXpd0sxP7jugO6x3prMra7LnOSuyIN2eW3Ez8vh_h2U2Mu3BmalrcWEJsEIDBrZaU0GLAEqmLxL02CyGq3LnozFPDgDiDRYNl6J9we9qjaV:1mpnfg:ymAjoAbuQkhsXT5m0EI9v23dlr0BKy4a8D9rF5i8dGs,2021-12-08 19:00:28.000467
p6wlssm2yov25kbln0srnvqwd4y8ywv4,.eJxVjDsOwjAQBe_iGlnxdw0lfc5grb1rHECOFCcV4u4QKQW0b2beS0Tc1hq3zkucSFwEiNPvljA_uO2A7thus8xzW5cpyV2RB-1ynImf18P9O6jY67e2CVQgxzhoCOA8mESaNFgGm73JuXjCAIWHgGiKcWcHkBVZk9ArrcX7A96RN68:1mqEbg:Vq41cJEumuoby1YTJh7aJSWAIM3c5OUkSxvahx8xnFs,2021-12-10 00:16:08.037163
8ql8m6ob82yq5ejxgjksavx4eteiptc5,.eJxVjMsOwiAQRf-FtSEwnfJw6d5vIMBMpWogKe3K-O_apAvd3nPOfYkQt7WErfMSZhJn4cXpd0sxP7jugO6x3prMra7LnOSuyIN2eW3Ez8vh_h2U2Mu3BmalrcWEJsEIDBrZaU0GLAEqmLxL02CyGq3LnozFPDgDiDRYNl6J9we9qjaV:1mqTvl:iu7qrrC-6vRhB0r3xFziQRyhf75NK0wVs3TsUUfBvd0,2021-12-10 16:07:53.636873
x93uzabrnnm2uibpw8g9bi6youwv3x7v,.eJxVjEEOwiAQRe_C2hBgWgou3XsGMsOAVA0kpV0Z765NutDtf-_9lwi4rSVsPS1hZnEWXpx-N8L4SHUHfMd6azK2ui4zyV2RB-3y2jg9L4f7d1Cwl2-teALlYYKcOdkMzoBBRzpTYjcMIzCzHkGjzZoggrHaJjSQHTlPCsX7A-Z6N_4:1nN9hl:ra_6rj5VNbraTomv0GKKNNKAM9s5-K7OwlSCg-6Ypfs,2022-03-10 19:12:29.048750
m7zuvwal070giyqa04jqb0r7vq9g7h7i,.eJxVjEEOwiAQRe_C2hBgWgou3XsGMsOAVA0kpV0Z765NutDtf-_9lwi4rSVsPS1hZnEWXpx-N8L4SHUHfMd6azK2ui4zyV2RB-3y2jg9L4f7d1Cwl2-teALlYYKcOdkMzoBBRzpTYjcMIzCzHkGjzZoggrHaJjSQHTlPCsX7A-Z6N_4:1nU5Of:SMf4BZDdRR3xapOFKViKzmZsUamZ4fC58BiVBxJeIIA,2022-03-29 22:01:25.666134
