payroll_id,first_name,last_name,employment_status
263151,Ana,Khalaf,1
401677,Keith,Lei,1
551610,Ana,Chen,1
875242,David,Amir,1
531034,Ahmed,Nasir,1
884677,Matthew,Thompson,1
724567,Muhammad,Pedro,1
255320,Joshua,Zhao,1
286230,Carlos,Huang,1
720541,Antonio,Martin,1
787556,Ahmed,Davis,1
188528,Michelle,Celik,1
241956,Carlos,Parra,1
537904,David,Luo,1
520458,Hui,Ray,1
849396,Juan,Kumara,1
273059,Juan,Lopez,1
607031,Ana,Brown,1
429932,Scott,Patel,1
279842,Ying,Wood,1
649406,Michelle,Garcia,1
803735,Susan,Allen,1
700319,John,Harris,1
146589,Amanda,Roman,1
490514,Muhammad,Jones,1
313193,Daniel,Stewart,1
709160,Nushi,Fernando,1
208798,Jose,Richards,1
